sample_id	cell_id	cell_type	cell_type_uri
H48-g2 , Entorhinal cortex	AAACCCAAGGTCCAGA-2_1	Excitatory Neurons	
H48-g2 , Entorhinal cortex	AAACCCACAGATAAAC-2_1	Excitatory Neurons	
H48-g2 , Entorhinal cortex	AAACCCAGTCCTTAAG-2_1	OPCs	
H48-g2 , Entorhinal cortex	AAACGAAAGCCTCAAT-2_1	Oligodendrocytes	
H48-g2 , Entorhinal cortex	AAACGAACAGCGTGAA-2_1	Astrocytes	
H48-g2 , Entorhinal cortex	AAACGAATCCATAGAC-2_1	Oligodendrocytes	
H48-g2 , Entorhinal cortex	AAACGAATCTCCCTAG-2_1	Oligodendrocytes	
H48-g2 , Entorhinal cortex	AAACGCTAGGCCCAAA-2_1	Excitatory Neurons	
H48-g2 , Entorhinal cortex	AAACGCTAGGTATAGT-2_1	Vascular Cells	
H48-g2 , Entorhinal cortex	AAACGCTCAACATACC-2_1	Excitatory Neurons	
H48-g2 , Entorhinal cortex	AAACGCTCAGCTTTCC-2_1	Vascular Cells	
H48-g2 , Entorhinal cortex	AAACGCTGTGGTCCCA-2_1	Vascular Cells	
H48-g2 , Entorhinal cortex	AAACGCTTCGACACTA-2_1	Excitatory Neurons	
H48-g2 , Entorhinal cortex	AAACGCTTCGGAATGG-2_1	Oligodendrocytes	
H48-g2 , Entorhinal cortex	AAAGAACCAAGCGAAC-2_1	Vascular Cells	
H48-g2 , Entorhinal cortex	AAAGAACGTTCTAACG-2_1	Excitatory Neurons	
H48-g2 , Entorhinal cortex	AAAGGATAGAAGGATG-2_1	Oligodendrocytes	
H48-g2 , Entorhinal cortex	AAAGGATGTTCCCAAA-2_1	Vascular Cells	
H48-g2 , Entorhinal cortex	AAAGGATGTTCGGTAT-2_1	Excitatory Neurons	
