sample_id	cell_id	category	category_uri	category_id	value	value_uri
H48-g2 , Entorhinal cortex	AAACCCAAGGTCCAGA-2_1	cell type	http://www.ebi.ac.uk/efo/EFO_0000324	1	Excitatory Neurons	
H48-g2 , Entorhinal cortex	AAACCCACAGATAAAC-2_1	cell type	http://www.ebi.ac.uk/efo/EFO_0000324	1	Excitatory Neurons	
H48-g2 , Entorhinal cortex	AAACCCAGTCCTTAAG-2_1	cell type	http://www.ebi.ac.uk/efo/EFO_0000324	1	OPCs	
H48-g2 , Entorhinal cortex	AAACGAAAGCCTCAAT-2_1	cell type	http://www.ebi.ac.uk/efo/EFO_0000324	1	Oligodendrocytes	
H48-g2 , Entorhinal cortex	AAACGAACAGCGTGAA-2_1	cell type	http://www.ebi.ac.uk/efo/EFO_0000324	1	Astrocytes	
H48-g2 , Entorhinal cortex	AAACGAATCCATAGAC-2_1	cell type	http://www.ebi.ac.uk/efo/EFO_0000324	1	Oligodendrocytes	
H48-g2 , Entorhinal cortex	AAACGAATCTCCCTAG-2_1	cell type	http://www.ebi.ac.uk/efo/EFO_0000324	1	Oligodendrocytes	
H48-g2 , Entorhinal cortex	AAACGCTAGGCCCAAA-2_1	cell type	http://www.ebi.ac.uk/efo/EFO_0000324	1	Excitatory Neurons	
H48-g2 , Entorhinal cortex	AAACGCTAGGTATAGT-2_1	cell type	http://www.ebi.ac.uk/efo/EFO_0000324	1	Vascular Cells	
H48-g2 , Entorhinal cortex	AAACGCTCAACATACC-2_1	cell type	http://www.ebi.ac.uk/efo/EFO_0000324	1	Excitatory Neurons	
H48-g2 , Entorhinal cortex	AAACGCTCAGCTTTCC-2_1	cell type	http://www.ebi.ac.uk/efo/EFO_0000324	1	Vascular Cells	
H48-g2 , Entorhinal cortex	AAACGCTGTGGTCCCA-2_1	cell type	http://www.ebi.ac.uk/efo/EFO_0000324	1	Vascular Cells	
H48-g2 , Entorhinal cortex	AAACGCTTCGACACTA-2_1	cell type	http://www.ebi.ac.uk/efo/EFO_0000324	1	Excitatory Neurons	
H48-g2 , Entorhinal cortex	AAACGCTTCGGAATGG-2_1	cell type	http://www.ebi.ac.uk/efo/EFO_0000324	1	Oligodendrocytes	
H48-g2 , Entorhinal cortex	AAAGAACCAAGCGAAC-2_1	cell type	http://www.ebi.ac.uk/efo/EFO_0000324	1	Vascular Cells	
H48-g2 , Entorhinal cortex	AAAGAACGTTCTAACG-2_1	cell type	http://www.ebi.ac.uk/efo/EFO_0000324	1	Excitatory Neurons	
H48-g2 , Entorhinal cortex	AAAGGATAGAAGGATG-2_1	cell type	http://www.ebi.ac.uk/efo/EFO_0000324	1	Oligodendrocytes	
H48-g2 , Entorhinal cortex	AAAGGATGTTCCCAAA-2_1	cell type	http://www.ebi.ac.uk/efo/EFO_0000324	1	Vascular Cells	
H48-g2 , Entorhinal cortex	AAAGGATGTTCGGTAT-2_1	cell type	http://www.ebi.ac.uk/efo/EFO_0000324	1	Excitatory Neurons	
